{
    "temp": 26.12999916,
    "pressure": 989.0943604,
    "file_id": 81
}{
    "temp": 26.13999939,
    "pressure": 989.0857544
}{
    "temp": 26.13999939,
    "pressure": 989.1143188
}{
    "temp": 26.13999939,
    "pressure": 989.1124878
}{
    "temp": 26.13999939,
    "pressure": 989.0828247
}{
    "temp": 26.13999939,
    "pressure": 989.1037598
}{
    "temp": 26.12999916,
    "pressure": 989.0715332
}{
    "temp": 26.14999962,
    "pressure": 989.0970459
}{
    "temp": 26.13999939,
    "pressure": 989.1055298
}{
    "temp": 26.14999962,
    "pressure": 989.1045532
}{
    "temp": 26.14999962,
    "pressure": 989.1057739
}{
    "temp": 26.13999939,
    "pressure": 989.0895386
}{
    "temp": 26.13999939,
    "pressure": 989.0700684
}{
    "temp": 26.13999939,
    "pressure": 989.1245117
}{
    "temp": 26.14999962,
    "pressure": 989.12854
}{
    "temp": 26.13999939,
    "pressure": 989.1157837
}{
    "temp": 26.14999962,
    "pressure": 989.1512451
}{
    "temp": 26.13999939,
    "pressure": 989.1160889
}{
    "temp": 26.14999962,
    "pressure": 989.1450195
}{
    "temp": 26.14999962,
    "pressure": 989.1170044
}{
    "temp": 26.14999962,
    "pressure": 989.0907593
}{
    "temp": 26.15999985,
    "pressure": 989.1084595
}{
    "temp": 26.15999985,
    "pressure": 989.0984497
}{
    "temp": 26.17000008,
    "pressure": 989.130127
}{
    "temp": 26.17000008,
    "pressure": 989.1358643
}{
    "temp": 26.17000008,
    "pressure": 989.1218872
}{
    "temp": 26.17000008,
    "pressure": 989.1200562
}